{
	"12kznaq": 0.17357035511434277,
	"9qpuvs": 0.2080580114569989
}